{"name":"2a87e15a-8288-406a-914b-3fb045341aed","id":"/providers/Microsoft.Flow/flows/2a87e15a-8288-406a-914b-3fb045341aed","type":"Microsoft.Flow/flows","properties":{"apiId":"/providers/Microsoft.PowerApps/apis/shared_logicflows","displayName":"CAML_QUERY_TEST","definition":{"metadata":{"workflowEntityId":null,"creator":{"id":"4d8aa788-532d-4e07-9389-cf0bb650730a","type":"User","tenantId":"f35a6974-607f-47d4-82d7-ff31d7dc53a5"},"provisioningMethod":"FromDefinition","failureAlertSubscription":true,"clientLastModifiedTime":"2019-07-18T08:27:31.2485396Z"},"$schema":"https://schema.management.azure.com/providers/Microsoft.Logic/schemas/2016-06-01/workflowdefinition.json#","contentVersion":"1.0.0.0","parameters":{"$connections":{"defaultValue":{},"type":"Object"},"$authentication":{"defaultValue":{},"type":"SecureObject"}},"triggers":{"manual":{"type":"Request","kind":"Button","inputs":{"schema":{"type":"object","required":[],"properties":{}},"headersSchema":{"x-ms-user-name-encoded":{"type":"string","title":"User name","format":"byte"},"x-ms-user-email-encoded":{"type":"string","title":"User email","format":"byte"},"x-ms-user-timestamp":{"type":"string","title":"Timestamp"}}}}},"actions":{"Array_Count":{"runAfter":{"Array":["Succeeded"]},"type":"InitializeVariable","inputs":{"variables":[{"name":"Array Count","type":"Integer","value":"@add(div(int(variables('Total_Count')),4000),1)"}]}},"Total_Count":{"runAfter":{"Apply_to_each_2":["Succeeded"]},"type":"InitializeVariable","inputs":{"variables":[{"name":"Total_Count","type":"Integer","value":"@body('Total_Item_Count')['value']"}]}},"Array":{"runAfter":{"Total_Count":["Succeeded"]},"type":"InitializeVariable","inputs":{"variables":[{"name":"Array","type":"Array"}]}},"Do_until":{"actions":{"Get_items":{"runAfter":{},"metadata":{"flowSystemMetadata":{"swaggerOperationId":"GetItems"}},"type":"ApiConnection","inputs":{"host":{"connection":{"name":"@json(decodeBase64(triggerOutputs().headers['X-MS-APIM-Tokens']))['$connections']['shared_sharepointonline']['connectionId']"},"api":{"runtimeUrl":"https://flow-apim-europe-001-northeurope-01.azure-apim.net/apim/sharepointonline"}},"method":"get","path":"/datasets/@{encodeURIComponent(encodeURIComponent('https://share.novartis.net/sites/EWSSLCM'))}/tables/@{encodeURIComponent(encodeURIComponent('4a7cf442-bbe3-454a-af9d-5e212db769a1'))}/items","queries":{"$filter":"(ID ge '@{variables('LowestID')}') and (ID lt '@{variables('Temp')}')","$orderby":"ID"},"authentication":{"type":"Raw","value":"@json(decodeBase64(triggerOutputs().headers['X-MS-APIM-Tokens']))['$ConnectionKey']"}},"runtimeConfiguration":{"paginationPolicy":{"minimumItemCount":4000}}},"Set_variable":{"runAfter":{"Increment_LowestID":["Succeeded"]},"type":"SetVariable","inputs":{"name":"Temp","value":"@add(variables('LowestID'),4000)"}},"Increment_LowestID":{"runAfter":{"Set_variable_5":["Succeeded"]},"type":"IncrementVariable","inputs":{"name":"LowestID","value":4000}},"Condition":{"actions":{"Set_variable_2":{"runAfter":{},"type":"SetVariable","inputs":{"name":"Temp","value":"@add(variables('HighestID'),1)"}}},"runAfter":{"Set_variable":["Succeeded"]},"expression":{"greater":["@variables('Temp')","@variables('HighestID')"]},"type":"If"},"Increment_variable":{"runAfter":{"Condition":["Succeeded"]},"type":"IncrementVariable","inputs":{"name":"Top_Count","value":4000}},"Set_variable_5":{"runAfter":{"Get_items":["Succeeded"]},"type":"SetVariable","inputs":{"name":"Item_Count","value":"@length(body('Get_items')?['value'])"}}},"runAfter":{"Item_count_in_loop":["Succeeded"]},"expression":"@greaterOrEquals(variables('Top_Count'), variables('Total_Count'))","limit":{"count":60,"timeout":"PT1H"},"type":"Until"},"Initialize_variable_2":{"runAfter":{"Temp":["Succeeded"]},"type":"InitializeVariable","inputs":{"variables":[{"name":"Top_Count","type":"Integer","value":0}]}},"Highest_ID":{"runAfter":{"Total_Item_Count":["Succeeded"]},"metadata":{"flowSystemMetadata":{"swaggerOperationId":"GetItems"}},"type":"ApiConnection","inputs":{"host":{"connection":{"name":"@json(decodeBase64(triggerOutputs().headers['X-MS-APIM-Tokens']))['$connections']['shared_sharepointonline']['connectionId']"},"api":{"runtimeUrl":"https://flow-apim-europe-001-northeurope-01.azure-apim.net/apim/sharepointonline"}},"method":"get","path":"/datasets/@{encodeURIComponent(encodeURIComponent('https://share.novartis.net/sites/EWSSLCM'))}/tables/@{encodeURIComponent(encodeURIComponent('4a7cf442-bbe3-454a-af9d-5e212db769a1'))}/items","queries":{"$orderby":"ID desc","$top":1},"authentication":{"type":"Raw","value":"@json(decodeBase64(triggerOutputs().headers['X-MS-APIM-Tokens']))['$ConnectionKey']"}}},"Total_Item_Count":{"runAfter":{},"metadata":{"flowSystemMetadata":{"swaggerOperationId":"HttpRequest"}},"type":"ApiConnection","inputs":{"host":{"connection":{"name":"@json(decodeBase64(triggerOutputs().headers['X-MS-APIM-Tokens']))['$connections']['shared_sharepointonline']['connectionId']"},"api":{"runtimeUrl":"https://flow-apim-europe-001-northeurope-01.azure-apim.net/apim/sharepointonline"}},"method":"post","body":{"method":"GET","uri":"_api/web/lists/getbytitle('Asset Inventory')/ItemCount","headers":{"accept":"application/json; odata=nometadata"}},"path":"/datasets/@{encodeURIComponent(encodeURIComponent('https://share.novartis.net/sites/EWSSLCM'))}/httprequest","authentication":{"type":"Raw","value":"@json(decodeBase64(triggerOutputs().headers['X-MS-APIM-Tokens']))['$ConnectionKey']"}}},"Lowest_ID":{"runAfter":{"Apply_to_each":["Succeeded"]},"metadata":{"flowSystemMetadata":{"swaggerOperationId":"GetItems"}},"type":"ApiConnection","inputs":{"host":{"connection":{"name":"@json(decodeBase64(triggerOutputs().headers['X-MS-APIM-Tokens']))['$connections']['shared_sharepointonline']['connectionId']"},"api":{"runtimeUrl":"https://flow-apim-europe-001-northeurope-01.azure-apim.net/apim/sharepointonline"}},"method":"get","path":"/datasets/@{encodeURIComponent(encodeURIComponent('https://share.novartis.net/sites/EWSSLCM'))}/tables/@{encodeURIComponent(encodeURIComponent('4a7cf442-bbe3-454a-af9d-5e212db769a1'))}/items","queries":{"$orderby":"ID","$top":1},"authentication":{"type":"Raw","value":"@json(decodeBase64(triggerOutputs().headers['X-MS-APIM-Tokens']))['$ConnectionKey']"}}},"Temp":{"runAfter":{"Array_Count":["Succeeded"]},"type":"InitializeVariable","inputs":{"variables":[{"name":"Temp","type":"Integer","value":"@add(variables('LowestID'),4000)"}]}},"HighestID":{"runAfter":{"Highest_ID":["Succeeded"]},"type":"InitializeVariable","inputs":{"variables":[{"name":"HighestID","type":"Integer"}]}},"LowestID":{"runAfter":{"Lowest_ID":["Succeeded"]},"type":"InitializeVariable","inputs":{"variables":[{"name":"LowestID","type":"Integer"}]}},"Apply_to_each":{"foreach":"@body('Highest_ID')?['value']","actions":{"Set_variable_3":{"runAfter":{},"type":"SetVariable","inputs":{"name":"HighestID","value":"@items('Apply_to_each')?['ID']"}}},"runAfter":{"HighestID":["Succeeded"]},"type":"Foreach"},"Apply_to_each_2":{"foreach":"@body('Lowest_ID')?['value']","actions":{"Set_variable_4":{"runAfter":{},"type":"SetVariable","inputs":{"name":"LowestID","value":"@items('Apply_to_each_2')?['ID']"}}},"runAfter":{"LowestID":["Succeeded"]},"type":"Foreach"},"Item_count_in_loop":{"runAfter":{"Initialize_variable_2":["Succeeded"]},"type":"InitializeVariable","inputs":{"variables":[{"name":"Item_Count","type":"Integer","value":0}]}}}},"connectionReferences":{"shared_sharepointonline":{"connectionName":"shared-sharepointonl-061e1d20-d66d-4c4f-bdcd-3fe01f9059eb","source":"Invoker","id":"/providers/Microsoft.PowerApps/apis/shared_sharepointonline","tier":"NotSpecified"}},"flowFailureAlertSubscribed":false}}