Group,Url,UserID
ASC_Collab COE Team,https://nisp.novartis.net/global_it/sites/GroupERP/ERP_CoE_Comm/cerparch,eunet\potlaab1
ASC Team,https://nisp.novartis.net/global_it/sites/GroupERP/ERP_CoE_Comm/cerparch,eunet\potlaab1
ADM Members,https://nisp.novartis.net/it/sites/ADM,eunet\potlaab1
AGM System Members ,https://nisp.novartis.net/it/sites/VIPSupport/TravelPlanMgmt,eunet\potlaab1
Disposition Member,https://nisp.novartis.net/global_it/ITPMOPortfolioProj/Disposition,eunet\potlaab1
Board VC Project Members,https://nisp.novartis.net/it/sites/VIPSupport/BoardVCProject,eunet\potlaab1
Concierge Service Members,https://nisp.novartis.net/it/sites/VIPSupport/Concierge,eunet\potlaab1
Designers,https://nisp.novartis.net/hr/sites/Diversity_and_Inclusion,eunet\potlaab1
ERP IT Members,https://nisp.novartis.net/global_it/sites/GlobalERPOperations,eunet\potlaab1
ERP IT Office BG3,https://nisp.novartis.net/global_it/sites/GlobalERPOperations/ERPITOffice,eunet\potlaab1
Extended PM Team,https://nisp.novartis.net/global_it/sites/GroupERP/ERP_CoE_Comm/cerparch,eunet\potlaab1
FSC Ops Suite Owners,https://nisp.novartis.net/finance/sites/FSCOpsSuite,eunet\potlaab1
FTP Finance Service Center PMO,https://nisp.novartis.net/finance/sites/FSCOpsSuite,eunet\potlaab1
Group IT Owners,https://nisp.novartis.net/finance/sites/Regional_FSC_Projects/CH,eunet\potlaab1
FTLP Core Team,https://nisp.novartis.net/global_it/nitb,eunet\potlaab1
NA FSC Owners,https://nisp.novartis.net/finance/sites/fsc,eunet\potlaab1
HR,https://nisp.novartis.net/finance/sites/Regional_FSC_Projects,eunet\potlaab1
Integrated Service Management Members,https://nisp.novartis.net/it/sites/ISM,eunet\potlaab1
NBS IT CH Members,https://nisp.novartis.net/it/sites/NBSITCH,eunet\potlaab1
NI Project Managers,https://nisp.novartis.net/it/sites/Projects,eunet\potlaab1
Novartis Audit Owners,https://nisp.novartis.net/audit/sites/infoportal,eunet\potlaab1
Novartis Site Owners,https://nisp.novartis.net/finance/sites/FSCOpsSuite,eunet\potlaab1
NSC-CH IT Editorial Board,https://nisp.novartis.net/global_it/sites/GroupERP/ERP_CoE_Comm/cerparch,eunet\potlaab1
NSC-CH IT Members,https://nisp.novartis.net/global_it/sites/GroupERP/ERP_CoE_Comm/cerparch,eunet\potlaab1
NIIT & IGM Owners,https://nisp.novartis.net/it,eunet\potlaab1
NIIT & IGM Members,https://nisp.novartis.net/it,eunet\potlaab1
Novartis Audit Owners,https://nisp.novartis.net/audit/sites/infoportal,eunet\adm_potlaab1
NIIT & IGM Members,https://nisp.novartis.net/it,eunet\adm_potlaab1
Project Members - FSC Business Demand Management,https://nisp.novartis.net/global_it/sites/GroupERP/ERP_CoE_Comm/cerparch,eunet\potlaab1
PRO Facilities Owner,https://nisp.novartis.net/procurement/Category_Management/facilities,eunet\potlaab1
PRO Facilities Core Team,https://nisp.novartis.net/procurement/Category_Management/facilities,eunet\potlaab1
PMO Members,https://nisp.novartis.net/it/sites/NBSITCH/PMO,eunet\adm_potlaab1
QRA Admins,https://nisp.novartis.net/qa/sites/qss/QRA,eunet\potlaab1
QRA Owners,https://nisp.novartis.net/qa/sites/qss/QRA,eunet\potlaab1
QRA Developers,https://nisp.novartis.net/qa/sites/qss/QRA,eunet\potlaab1
TI Owner,https://nisp.novartis.net,eunet\potlaab1
Swiss FSC SOP-WI admin,https://nisp.novartis.net/finance/sites/Regional_FSC_Projects/CH,eunet\potlaab1
Transformation Members,https://nisp.novartis.net/it/sites/NBSITCH/Transformation,eunet\potlaab1
Region Europe Owners,https://nisp.novartis.net/legal/CountrySites/RegionEurope,eunet\potlaab1
Trade Sanctions Owners,https://nisp.novartis.net/legal/PracticeGroups/trade_sanctions,eunet\potlaab1
RP Team Visitors,https://nisp.novartis.net/procurement/InfOps/ResponsibleProcurement/RP-Team,eunet\adm_potlaab1
