Name,DispalyName,Privacy,PrivacyPolicy,Type
AcademicTitle,Academic Title,Public,OptOut,string (Single Value)
AcademicTitleAttributes,Academic Title Attributes,Public,OptOut,string (Single Value)
FirstName,First Name,Public,OptOut,string (Single Value)
FirstNameAttributes,First Name Attributes,Public,OptOut,string (Single Value)
LastName,Last Name,Public,OptOut,string (Single Value)
LastNameAttributes,Last Name Attributes,Public,OptOut,string (Single Value)
MiddleName,Middle Name,Public,OptOut,string (Single Value)
MiddleNameAttributes,Middle Name Attributes,Public,OptOut,string (Single Value)
PreferredName,Name,Public,Mandatory,string (Single Value)
PreferredNameAttributes,Name Attributes,Public,OptOut,string (Single Value)
LastName2 ,Last Name 2,Public,OptOut,string (Single Value)
LastName2Attributes,Last Name 2 Attributes,Public,OptOut,string (Single Value)
SPS-JobTitle,Job Title,Public,OptOut,string (Single Value)
JobTitleAttributes,Job Title Attributes,Public,OptOut,string (Single Value)
Gender,Gender,Private,OptOut,string (Single Value)
GenderAttributes,Gender Attributes,Public,OptOut,string (Single Value)
AccountName,Unique ID,Public,Mandatory,Person
AccountNameAttributes,Account Name Attributes,Public,OptOut,string (Single Value)
LocalEmployeeID,Local Employee ID,Public,OptOut,string (Single Value)
LocalEmployeeIDAttributes,Local Employee ID Attributes,Public,OptOut,string (Single Value)
GlobalEmpID,Global Employee ID,Public,OptOut,string (Single Value)
GlobalEmpIDAttributes,Global Employee ID Attributes,Public,OptOut,string (Single Value)
PersonnelCategory,Personnel Category,Public,OptOut,string (Single Value)
PersonnelCategoryAttributes,Personnel Category Attributes,Public,OptOut,string (Single Value)
FirstportDataSourceUniqueID,Firstport datasource UniqueID,Private,OptOut,string (Single Value)
FirstportdatasourceUniqueIDAttributes,Firstport datasource UniqueID Attributes,Public,OptOut,string (Single Value)
SPS-Birthday,Birthday,Private,OptOut,Date no year
BirthdayAttributes,Birth Day Month Attributes,Public,OptOut,string (Single Value)
PictureURL,Picture,Public,OptOut,URL
PictureURLAttributes,Picture  Attributes,Public,OptOut,string (Single Value)
CostCenterNumber,Cost Center Number,Public,OptOut,string (Single Value)
CostCenterNumberAttributes,Cost Center Number Attributes,Public,OptOut,string (Single Value)
CostCenterDescription,Cost Center,Public,OptOut,string (Single Value)
CostCenterDescriptionAttributes,Cost Center Attributes,Public,OptOut,string (Single Value)
LegalEntityNumber,Legal Entity Number,Public,OptOut,string (Single Value)
LegalEntityNumberAttributes,Legal Entity Number Attributes,Public,OptOut,string (Single Value)
LegalEntityDescription,Legal Entity,Public,OptOut,string (Single Value)
LegalEntityDescriptionAttributes,Legal Entity Description Attributes,Public,OptOut,string (Single Value)
DivisionCode,Division Code,Public,OptOut,string (Single Value)
DivisionCodeAttributes,Division Code Attributes,Public,OptOut,string (Single Value)
Division,Division,Public,OptOut,string (Single Value)
DivisionAttributes,Division Attributes,Public,OptOut,string (Single Value)
OperationalLevel1Code,Operational Level 1 Code,Public,OptOut,string (Single Value)
OperationalLevel1CodeAttributes,Operational Level 1 Code Attributes ,Public,OptOut,string (Single Value)
OperationalLevel1,Operational Level 1,Public,OptOut,string (Single Value)
OperationalLevel1Attributes,Operational Level 1 Attributes,Public,OptOut,string (Single Value)
OperationalLevel2Code,Operational Level 2 Code,Public,OptOut,string (Single Value)
OperationalLevel2CodeAttributes,Operational Level 2 Code Attributes,Public,OptOut,string (Single Value)
OperationalLevel2,Operational Level 2,Public,OptOut,string (Single Value)
OperationalLevel2Attributes,Operational Level 2 Attributes,Public,OptOut,string (Single Value)
OperationalLevel3Code,Operational Level 3 Code,Public,OptOut,string (Single Value)
OperationalLevel3CodeAttributes,Operational Level 3 Code Attributes,Public,OptOut,string (Single Value)
OperationalLevel3,Operational Level 3,Public,OptOut,string (Single Value)
OperationalLevel3Attributes,Operational Level 3 Attributes,Public,OptOut,string (Single Value)
OperationalLevelLocalCode,Operational Level Local Code,Public,OptOut,string (Single Value)
OperationalLevelLocalCodeAttributes,Operational Level Local Code Attributes,Public,OptOut,string (Single Value)
OperationalLevelLocal,Operational Level Local,Public,OptOut,string (Single Value)
OperationalLevelLocalAttributes,Operational Level Local Attributes,Public,OptOut,string (Single Value)
OperationalManager,Operational Manager,Public,OptOut,person
FunctionalManagerID,Functional Manager,Public,OptOut,Person
CompanyManagerID,Company Manager,Public,OptOut,person
HRManager,HR Manager,Public,OptOut,Person
HRManagerAttributes,HR Manager Attributes,Public,OptOut,string (Single Value)
HRManagerID,HR Manager ID,Public,OptOut,Person
HRManagerIDAttributes,HR Manager ID Attributes,Public,OptOut,Person
FunctionalDeptCodeCode,Function (Functional Dept Code) ,Public,OptOut,string (Single Value)
FunctionalDeptCodeCodeAttributes,Function (Functional Dept Code) Attributes,Public,OptOut,string (Single Value)
FunctionalDeptCode,Function,Public,OptOut,string (Single Value)
FunctionalDeptCodeAttributes,Function Attributes,Public,OptOut,string (Single Value)
GJFAFamilyCode,Job Family (GJFA) Code,Public,OptOut,string (Single Value)
GJFAFamilyCodeAttributes,Job Family (GJFA) Code Attributes ,Public,OptOut,string (Single Value)
GJFAFamily,Job Family (GJFA),Public,OptOut,string (Single Value)
GJFAFamilyAttributes,Job Family (GJFA) Attributes,Public,OptOut,string (Single Value)
GJFASubfamilyCode,Job Sub Family (GJFA) Code,Public,OptOut,string (Single Value)
GJFASubfamilyCodeAttributes,Job Sub Family (GJFA) Code Attributes,Public,OptOut,string (Single Value)
GJFASubfamily,Job Sub Family (GJFA),Public,OptOut,string (Single Value)
GJFASubfamilyAttributes,Job Sub Family (GJFA) Attributes,Public,OptOut,string (Single Value)
WorkEmail,Work E-mail,Public,Mandatory,E-mail
WorkEmailAttributes,Email Address Attributes,Public,OptOut,string (Single Value)
WorkPhone,Work Phone,Public,OptOut,string (Single Value)
WorkPhoneAttributes,Work Phone Attributes,Public,OptOut,string (Single Value)
SecondPhone,Second Phone,Public,OptOut,string (Single Value)
SecondPhoneAttriubutes,Second Phone Attributes,Public,OptOut,string (Single Value)
CellPhone,Mobile Phone,Public,OptOut,string (Single Value)
CellPhoneAttributes,Mobile Phone Attributes,Public,OptOut,string (Single Value)
Fax,Fax,Public,OptOut,string (Single Value)
FaxAttributes,Fax Attributes,Public,OptOut,string (Single Value)
InternalAddressBuildingOrRoom,Internal Address (building/room),Public,OptOut,string (Single Value)
InternalAddressBuildingOrRoomAttributes,Internal Address (Building/Room) Attributes,Public,OptOut,string (Single Value)
InternalAddress2,Internal Address Translation,Public,OptOut,string (Single Value)
InternalAddress2Attributes,Internal Address Translation Attributes,Public,OptOut,string (Single Value)
SiteName,Site Name,Public,OptOut,string (Single Value)
SiteNameAttributes,Site Name Attributes,Public,OptOut,string (Single Value)
SiteCode,Site Code,Public,OptOut,string (Single Value)
SiteCodeAttributes,Site Code Attributes,Public,OptOut,string (Single Value)
CountryName,Country Name,Public,OptOut,string (Single Value)
CountryNameAttributes,Country Attributes,Public,OptOut,string (Single Value)
CountryCode,Country Code,Public,OptOut,string (Single Value)
CountryCodeAttributes,Country Code Attributes,Public,OptOut,string (Single Value)
MailingAddress,Mailing Address,Public,OptOut,string (Single Value)
MailingAddressAttributes,Mailing Address Attributes,Public,OptOut,string (Single Value)
SecondWorkplace,Second Workplace,Public,OptOut,string (Single Value)
SecondWorkplaceAttributes,Second Workplace Attributes,Public,OptOut,string (Single Value)
SPS-TimeZone,Time Zone,Private,OptOut,Time zone
TimeZoneAttributes,Time Zone Attributes,Public,OptOut,string (Single Value)
AboutMe,About Me,Private,OptOut,HTML
SPS-Responsibility,Ask Me About,Private,OptOut,string (Multi Value)
SPS-Skills,Skills,Private,OptOut,string (Multi Value)
SPS-Interests,Interests,Private,OptOut,string (Multi Value)
ResponsibilitiesOrProjects,Current Projects,Private,OptOut,string (Single Value)
ProfessionalMemberships,Professional Memberships,Private,OptOut,string (Single Value)
Tnc,Terms And Conditions,Private,OptOut,string (Single Value)
TncAttributes,Terms And Conditions Attributes,Public,OptOut,string (Single Value)
TncDate,Terms And Conditions Date,Private,OptOut,Date time
TncDateAttributes,Terms And Conditions Date Attributes,Public,OptOut,string (Single Value)
